<odoo>
    <record id="group_warehouse_restriction_for_users" model="res.groups">
        <field name="name">Warehouse Restriction</field>
    </record>

    <record id="warehouse_restriction_for_users" model="ir.rule">
        <field name="name">Warehouse restriction rule</field>
        <field ref="model_stock_warehouse" name="model_id"/>
        <field name="domain_force">[('id','not in', user.warehouse_ids.ids)]</field>
        <field name="groups" eval="[(4, ref('eg_warehouse_restriction.group_warehouse_restriction_for_users'))]"/>
    </record>
</odoo>